学号,姓名,一,二,三,四
22,李逵,10,15,15,8
38,孙二娘,20,15,10,8
10,柴进,23,23,11,14
8,呼延灼,24,25,13,16
5,关胜,25,21,13,17
7,秦明,26,19,14,14
32,杨雄,27,20,14,9
15,董平,27,30,15,21
14,武松,28,16,15,20
1,宋江,28,23,12,14
28,张横,28,24,15,15
16,张清,28,25,14,13
9,花荣,28,25,14,19
2,卢俊义,29,20,15,22
12,朱仝,29,21,14,10
13,鲁智深,29,21,14,13
27,阮小二,29,23,13,15
11,李应,29,23,13,18
6,林冲,29,23,15,14
29,阮小五,29,24,11,20
20,戴宗,29,24,15,17
33,石秀,29,25,8,20
26,李俊,29,25,14,16
30,张顺,29,25,14,17
36,燕青,29,25,14,19
34,解珍,29,25,15,20
31,阮小七,30,21,15,17
4,吴用,30,22,13,21
25,雷横,30,22,14,20
35,解宝,30,22,15,19
3,公孙胜,30,24,12,14
37,朱武,30,24,14,12
19,索超,30,24,15,10
21,刘唐,30,24,15,19
17,杨志,30,25,15,17
18,徐宁,30,25,15,22
23,史进,30,25,15,22
24,穆弘,30,25,15,23
